{
  "attendees": {
    "berto-klompenhouwer-at-outlook-com": {
      "email": "Berto.klompenhouwer@outlook.com",
      "first_name": "Berto",
      "last_name": "klompenhouwer",
      "company": "Arrow",
      "namespace_suffix": "berto"
    },
    "ivica-kolenkas-at-gmail-com": {
      "email": "ivica.kolenkas@gmail.com",
      "first_name": "Ivica",
      "last_name": "Kolenkaš",
      "company": "BESTSELLER",
      "namespace_suffix": "ivica"
    },
    "michal-jankowski-at-datadogh-com": {
      "email": "michal.jankowski@datadogh.com",
      "first_name": "Michal",
      "last_name": "Jankowski",
      "company": "Datadog",
      "namespace_suffix": "michal"
    },
    "bram-at-attachmentgenie-com": {
      "email": "bram@attachmentgenie.com",
      "first_name": "Bram",
      "last_name": "Vogelaar",
      "company": "devoteam gcloud",
      "namespace_suffix": "bram"
    },
    "rajesh-gunasekaran-at-devoteam-com": {
      "email": "rajesh.gunasekaran@devoteam.com",
      "first_name": "Rajesh",
      "last_name": "Gunasekaran",
      "company": "Devoteam NL",
      "namespace_suffix": "rajesh"
    },
    "austin-culter-at-faire-com": {
      "email": "austin.culter@faire.com",
      "first_name": "Austin",
      "last_name": "Culter",
      "company": "Faire Wholesale",
      "namespace_suffix": "austin"
    },
    "ermurachi-at-gmail-com": {
      "email": "ermurachi@gmail.com",
      "first_name": "Ion",
      "last_name": "Ermurachi",
      "company": "Hashicorp",
      "namespace_suffix": "ion"
    },
    "dewi-cabret-at-hcs-company-com": {
      "email": "dewi.cabret@hcs-company.com",
      "first_name": "Dewi",
      "last_name": "Cabret",
      "company": "HCS company",
      "namespace_suffix": "dewi"
    },
    "bastiaan-van-der-bijl-at-hcs-company-com": {
      "email": "bastiaan.van.der.bijl@hcs-company.com",
      "first_name": "Bastiaan",
      "last_name": "van der Bijl",
      "company": "HCS Company",
      "namespace_suffix": "bastiaan"
    },
    "johan-at-johan-ml": {
      "email": "johan@johan.ml",
      "first_name": "Johan",
      "last_name": "van Amersfoort",
      "company": "HUG Amsterdam",
      "namespace_suffix": "johan"
    },
    "sbohm-at-itq-eu": {
      "email": "sbohm@itq.eu",
      "first_name": "Sander",
      "last_name": "Böhm",
      "company": "ITQ",
      "namespace_suffix": "sander"
    },
    "kkohler-at-itq-eu": {
      "email": "kkohler@itq.eu",
      "first_name": "Kaj",
      "last_name": "Köhler",
      "company": "ITQ",
      "namespace_suffix": "kaj"
    },
    "mmeelis-at-itq-nl": {
      "email": "mmeelis@itq.nl",
      "first_name": "Michael",
      "last_name": "Meelis",
      "company": "ITQ",
      "namespace_suffix": "michael-m"
    },
    "kmurauer-at-itq-eu": {
      "email": "kmurauer@itq.eu",
      "first_name": "Karl",
      "last_name": "Murauer",
      "company": "ITQ",
      "namespace_suffix": "karl"
    },
    "mvantol-at-itq-nl": {
      "email": "mvantol@itq.nl",
      "first_name": "Martijn",
      "last_name": "van Tol",
      "company": "ITQ Consultancy",
      "namespace_suffix": "martijn"
    },
    "jeff-vos-dev-at-gmail-com": {
      "email": "jeff.vos.dev@gmail.com",
      "first_name": "Jeffrey",
      "last_name": "Vos",
      "company": "KLM",
      "namespace_suffix": "jeffrey"
    },
    "caiodelgado-new-at-gmail-com": {
      "email": "caiodelgado.new@gmail.com",
      "first_name": "Caio",
      "last_name": "Delgado",
      "company": "Maverick Derivatives",
      "namespace_suffix": "caio"
    },
    "rodrigo-reis-at-maverickderivatives-com": {
      "email": "rodrigo.reis@maverickderivatives.com",
      "first_name": "Rodrigo",
      "last_name": "Reis",
      "company": "Maverick Derivatives",
      "namespace_suffix": "rodrigo"
    },
    "anton-akulov-at-mmox-nl": {
      "email": "anton.akulov@mmox.nl",
      "first_name": "Anton",
      "last_name": "Akulov",
      "company": "MMOX B.V.",
      "namespace_suffix": "anton"
    },
    "wardvissers-at-gmail-com": {
      "email": "wardvissers@gmail.com",
      "first_name": "Ward",
      "last_name": "Vissers",
      "company": "Radboudumc",
      "namespace_suffix": "ward"
    },
    "matjah-sonneveld-at-radboudumc-nl": {
      "email": "matjah.sonneveld@radboudumc.nl",
      "first_name": "Matjah",
      "last_name": "Sonneveld",
      "company": "Radboudumc",
      "namespace_suffix": "matjah"
    },
    "gendy-at-redhat-com": {
      "email": "gendy@redhat.com",
      "first_name": "Ahmed",
      "last_name": "Elgendy",
      "company": "Red Hat",
      "namespace_suffix": "ahmed"
    },
    "ifrahim-saiyid-at-gmail-com": {
      "email": "ifrahim.saiyid@gmail.com",
      "first_name": "Ifrahim",
      "last_name": "Saiyid",
      "company": "Sogeti",
      "namespace_suffix": "ifrahim"
    },
    "hintzenmitch-at-gmail-com": {
      "email": "hintzenmitch@gmail.com",
      "first_name": "Mitch",
      "last_name": "Hintzen",
      "company": "Valid Managed Services",
      "namespace_suffix": "mitch"
    },
    "duco-at-vconsult-nl": {
      "email": "duco@vConsult.nl",
      "first_name": "Duco",
      "last_name": "Jaspars",
      "company": "vConsult",
      "namespace_suffix": "duco"
    },
    "arash-at-a12t-co": {
      "email": "arash@a12t.co",
      "first_name": "Arash",
      "last_name": "Haghighat",
      "company": "Xebia",
      "namespace_suffix": "arash"
    },
    "alessandro-vozza-at-linux-com": {
      "email": "alessandro.vozza@linux.com",
      "first_name": "Alessandro",
      "last_name": "Vozza",
      "company": "",
      "namespace_suffix": "alessandro"
    },
    "zenatuz-at-gmail-com": {
      "email": "zenatuz@gmail.com",
      "first_name": "Renato",
      "last_name": "Batista",
      "company": "",
      "namespace_suffix": "renato"
    },
    "mail-at-goposky-com": {
      "email": "mail@goposky.com",
      "first_name": "Gopal",
      "last_name": "Ramachandran",
      "company": "",
      "namespace_suffix": "gopal"
    },
    "mail-at-gusztavvargadr-me": {
      "email": "mail@gusztavvargadr.me",
      "first_name": "Gusztav",
      "last_name": "Varga",
      "company": "",
      "namespace_suffix": "gusztav"
    },
    "fernanda-machado-contato-at-gmail-com": {
      "email": "fernanda.machado.contato@gmail.com",
      "first_name": "Fernanda",
      "last_name": "M.",
      "company": "",
      "namespace_suffix": "fernanda"
    },
    "ana-zirbo-at-gmail-com": {
      "email": "ana.zirbo@gmail.com",
      "first_name": "Ana",
      "last_name": "Cozma",
      "company": "",
      "namespace_suffix": "ana"
    },
    "isadoranezes-at-gmail-com": {
      "email": "isadoranezes@gmail.com",
      "first_name": "Isadora",
      "last_name": "Menezes",
      "company": "",
      "namespace_suffix": "isadora"
    },
    "ghm-guilherme-at-gmail-com": {
      "email": "ghm.guilherme@gmail.com",
      "first_name": "Guilherme",
      "last_name": "Maciel",
      "company": "",
      "namespace_suffix": "guilherme"
    },
    "info-at-mdb-eu-com": {
      "email": "info@mdb.eu.com",
      "first_name": "Mark",
      "last_name": "Brookfield",
      "company": "",
      "namespace_suffix": "mark"
    },
    "michael-at-poore-co-uk": {
      "email": "michael@poore.co.uk",
      "first_name": "Michael",
      "last_name": "Poore",
      "company": "",
      "namespace_suffix": "michael-p"
    },
    "ricardolopes-jazz-at-gmail-com": {
      "email": "ricardolopes.jazz@gmail.com",
      "first_name": "Ricardo",
      "last_name": "da Silva",
      "company": "ASML",
      "namespace_suffix": "ricardo"
    },
    "grahn-thomas-at-gmail-com": {
      "email": "Grahn.thomas@gmail.com",
      "first_name": "Thomas",
      "last_name": "Grahn",
      "company": "Atlassian",
      "namespace_suffix": "thomas"
    },
    "fernando-coelho-at-axxius-nl": {
      "email": "Fernando.coelho@axxius.nl",
      "first_name": "Fernando",
      "last_name": "Coelho",
      "company": "Axxius",
      "namespace_suffix": "fernando"
    },
    "zelalem05-at-gmail-com": {
      "email": "zelalem05@gmail.com",
      "first_name": "Zelalem",
      "last_name": "Demissie",
      "company": "Bestseller",
      "namespace_suffix": "zelalem"
    },
    "sa-sudiarto-at-bryxx-eu": {
      "email": "sa.sudiarto@bryxx.eu",
      "first_name": "Seraphina",
      "last_name": "Sudiarto",
      "company": "Bryxx NV",
      "namespace_suffix": "seraphina"
    },
    "sam-mcgeown-at-ibm-com": {
      "email": "sam.mcgeown@ibm.com",
      "first_name": "Sam",
      "last_name": "McGeown",
      "company": "HashiCorp",
      "namespace_suffix": "sam"
    },
    "menno-sanders-at-hotmail-com": {
      "email": "menno_sanders@hotmail.com",
      "first_name": "Menno",
      "last_name": "Sanders",
      "company": "ITQ",
      "namespace_suffix": "menno"
    },
    "feeroz-khan-at-sogeti-com": {
      "email": "feeroz.khan@sogeti.com",
      "first_name": "Feeroz",
      "last_name": "Khan",
      "company": "sogeti",
      "namespace_suffix": "feeroz"
    },
    "nitesh-kumar-at-ing-com": {
      "email": "nitesh.kumar@ing.com",
      "first_name": "Nitesh",
      "last_name": "Kumar",
      "company": "Wholesale Banking",
      "namespace_suffix": "nitesh"
    },
    "carlos-goncalves-at-redbelt-com-br": {
      "email": "carlos.goncalves@redbelt.com.br",
      "first_name": "Carlos",
      "last_name": "Eduardo Goncalves",
      "company": "",
      "namespace_suffix": "carlos"
    },
    "mostafazare-at-gmail-com": {
      "email": "mostafazare@gmail.com",
      "first_name": "Mostafa",
      "last_name": "Zare",
      "company": "",
      "namespace_suffix": "mostafa"
    },
    "jelle-defockert-at-assistyou-ai": {
      "email": "jelle.defockert@assistyou.ai",
      "first_name": "Jelle",
      "last_name": "de Fockert",
      "company": "",
      "namespace_suffix": "jelle"
    },
    "petreadrian25-at-gmail-com": {
      "email": "petreadrian25@gmail.com",
      "first_name": "Adrian",
      "last_name": "Petre",
      "company": "",
      "namespace_suffix": "adrian"
    },
    "marko-at-scalefactory-com": {
      "email": "marko@scalefactory.com",
      "first_name": "Marko",
      "last_name": "Bevc",
      "company": "",
      "namespace_suffix": "marko"
    },
    "julio-henrique-hug-at-gmail-com": {
      "email": "julio.henrique+hug@gmail.com",
      "first_name": "Julio",
      "last_name": "Henrique",
      "company": "",
      "namespace_suffix": "julio"
    },
    "jorg-vandoornmalen-at-ibm-com": {
      "email": "jorg.vandoornmalen@ibm.com",
      "first_name": "Jorg",
      "last_name": "van Doornmalen",
      "company": "HashiCorp",
      "namespace_suffix": "jorg"
    },
    "raymon-epping-at-ibm-com": {
      "email": "raymon.epping@ibm.com",
      "first_name": "Raymon",
      "last_name": "Epping",
      "company": "HashiCorp an IBM company",
      "namespace_suffix": "raymon"
    },
    "mahil-at-ibm-com": {
      "email": "mahil@ibm.com",
      "first_name": "Mahil",
      "last_name": "el Khatib",
      "company": "HashiCorp",
      "namespace_suffix": "mahil"
    },
    "cojan-vanballegooijen-at-ibm-com": {
      "email": "cojan.vanballegooijen@ibm.com",
      "first_name": "Cojan",
      "last_name": "van Ballegooijen",
      "company": "HashiCorp",
      "namespace_suffix": "cojan"
    }
  }
}
