first_name,last_name,email,namespace,username,wrapped_token
Jorg,van Doornmalen,jorg.vandoornmalen@ibm.com,admin/team_jorg,jorg,hvs.CAESIP6vTr9esfP7IIMYBYCMLdK02k6reghjQsH8DDrBSuMPGigKImh2cy50V0szczIzamxnWmlpSVB6c1JHZEdSSVcudG9Wa2kQ_JcG
Mahil,el Khatib,mahil@ibm.com,admin/team_mahil,mahil,hvs.CAESIAD0c-QluQBmP6WrjVWDLiyhe0tZzzMkjnVh8vCRCjMgGigKImh2cy5CblNXZE82VFhlQjZuTW53R0ZFRGRtZjAuYTRBMGgQg5gG
Raymon,Epping,raymon.epping@ibm.com,admin/team_raymon-e,raymon,hvs.CAESIGNZ2IdpOyvLnXGP__BG9ySaadqbV8gNwEOQ71HkjfWbGigKImh2cy5ZNnI1WW91bXZhZ2llV3MyV2JLNnljYUEuRmZQYkEQiZgG
Cojan,van Ballegooijen,cojan.vanballegooijen@ibm.com,admin/team_cojan,cojan,hvs.CAESIBWhsOvXb3LIbXYQX12m49s4zEQGAcs74kZinf4mRkFIGigKImh2cy5tWVdLd3ZuTTdoeDFERXh3VkJxeDROYkkueHllN0UQj5gG
Raymon,bakker,raymon.bakker@ibm.com,admin/team_raymon-b,raymon,hvs.CAESIHT4fN2B03PVHxBXNGST4jNie6kMsKg7oPIWo6EBf8s7GigKImh2cy53RHlWSEN2bDM5Ym5TbXF1RG5QTFF1Q3MuanFHUE4QlZgG
