first_name,last_name,email,namespace,username,password
Berto,klompenhouwer,Berto.klompenhouwer@outlook.com,admin/team_berto,berto,VaultWorkshop-berto!
Ivica,Kolenkaš,ivica.kolenkas@gmail.com,admin/team_ivica,ivica,VaultWorkshop-ivica!
Michal,Jankowski,michal.jankowski@datadogh.com,admin/team_michal,michal,VaultWorkshop-michal!
Bram,Vogelaar,bram@attachmentgenie.com,admin/team_bram,bram,VaultWorkshop-bram!
Rajesh,Gunasekaran,rajesh.gunasekaran@devoteam.com,admin/team_rajesh,rajesh,VaultWorkshop-rajesh!
Austin,Culter,austin.culter@faire.com,admin/team_austin,austin,VaultWorkshop-austin!
Ion,Ermurachi,ermurachi@gmail.com,admin/team_ion,ion,VaultWorkshop-ion!
Dewi,Cabret,dewi.cabret@hcs-company.com,admin/team_dewi,dewi,VaultWorkshop-dewi!
Bastiaan,van der Bijl,bastiaan.van.der.bijl@hcs-company.com,admin/team_bastiaan,bastiaan,VaultWorkshop-bastiaan!
Johan,van Amersfoort,johan@johan.ml,admin/team_johan,johan,VaultWorkshop-johan!
Sander,Böhm,sbohm@itq.eu,admin/team_sander,sander,VaultWorkshop-sander!
Kaj,Köhler,kkohler@itq.eu,admin/team_kaj,kaj,VaultWorkshop-kaj!
Michael,Meelis,mmeelis@itq.nl,admin/team_michael-m,michael,VaultWorkshop-michael!
Karl,Murauer,kmurauer@itq.eu,admin/team_karl,karl,VaultWorkshop-karl!
Martijn,van Tol,mvantol@itq.nl,admin/team_martijn,martijn,VaultWorkshop-martijn!
Jeffrey,Vos,jeff.vos.dev@gmail.com,admin/team_jeffrey,jeffrey,VaultWorkshop-jeffrey!
Caio,Delgado,caiodelgado.new@gmail.com,admin/team_caio,caio,VaultWorkshop-caio!
Rodrigo,Reis,rodrigo.reis@maverickderivatives.com,admin/team_rodrigo,rodrigo,VaultWorkshop-rodrigo!
Anton,Akulov,anton.akulov@mmox.nl,admin/team_anton,anton,VaultWorkshop-anton!
Ward,Vissers,wardvissers@gmail.com,admin/team_ward,ward,VaultWorkshop-ward!
Matjah,Sonneveld,matjah.sonneveld@radboudumc.nl,admin/team_matjah,matjah,VaultWorkshop-matjah!
Ahmed,Elgendy,gendy@redhat.com,admin/team_ahmed,ahmed,VaultWorkshop-ahmed!
Ifrahim,Saiyid,ifrahim.saiyid@gmail.com,admin/team_ifrahim,ifrahim,VaultWorkshop-ifrahim!
Mitch,Hintzen,hintzenmitch@gmail.com,admin/team_mitch,mitch,VaultWorkshop-mitch!
Duco,Jaspars,duco@vConsult.nl,admin/team_duco,duco,VaultWorkshop-duco!
Arash,Haghighat,arash@a12t.co,admin/team_arash,arash,VaultWorkshop-arash!
Alessandro,Vozza,alessandro.vozza@linux.com,admin/team_alessandro,alessandro,VaultWorkshop-alessandro!
Renato,Batista,zenatuz@gmail.com,admin/team_renato,renato,VaultWorkshop-renato!
Gopal,Ramachandran,mail@goposky.com,admin/team_gopal,gopal,VaultWorkshop-gopal!
Gusztav,Varga,mail@gusztavvargadr.me,admin/team_gusztav,gusztav,VaultWorkshop-gusztav!
Fernanda,M.,fernanda.machado.contato@gmail.com,admin/team_fernanda,fernanda,VaultWorkshop-fernanda!
Ana,Cozma,ana.zirbo@gmail.com,admin/team_ana,ana,VaultWorkshop-ana!
Isadora,Menezes,isadoranezes@gmail.com,admin/team_isadora,isadora,VaultWorkshop-isadora!
Guilherme,Maciel,ghm.guilherme@gmail.com,admin/team_guilherme,guilherme,VaultWorkshop-guilherme!
Mark,Brookfield,info@mdb.eu.com,admin/team_mark,mark,VaultWorkshop-mark!
Michael,Poore,michael@poore.co.uk,admin/team_michael-p,michael,VaultWorkshop-michael!
Ricardo,da Silva,ricardolopes.jazz@gmail.com,admin/team_ricardo,ricardo,VaultWorkshop-ricardo!
Thomas,Grahn,Grahn.thomas@gmail.com,admin/team_thomas,thomas,VaultWorkshop-thomas!
Fernando,Coelho,Fernando.coelho@axxius.nl,admin/team_fernando,fernando,VaultWorkshop-fernando!
Zelalem,Demissie,zelalem05@gmail.com,admin/team_zelalem,zelalem,VaultWorkshop-zelalem!
Seraphina,Sudiarto,sa.sudiarto@bryxx.eu,admin/team_seraphina,seraphina,VaultWorkshop-seraphina!
Sam,McGeown,sam.mcgeown@ibm.com,admin/team_sam,sam,VaultWorkshop-sam!
Menno,Sanders,menno_sanders@hotmail.com,admin/team_menno,menno,VaultWorkshop-menno!
Feeroz,Khan,feeroz.khan@sogeti.com,admin/team_feeroz,feeroz,VaultWorkshop-feeroz!
Nitesh,Kumar,nitesh.kumar@ing.com,admin/team_nitesh,nitesh,VaultWorkshop-nitesh!
Carlos,Eduardo Goncalves,carlos.goncalves@redbelt.com.br,admin/team_carlos,carlos,VaultWorkshop-carlos!
Mostafa,Zare,mostafazare@gmail.com,admin/team_mostafa,mostafa,VaultWorkshop-mostafa!
Jelle,de Fockert,jelle.defockert@assistyou.ai,admin/team_jelle,jelle,VaultWorkshop-jelle!
Adrian,Petre,petreadrian25@gmail.com,admin/team_adrian,adrian,VaultWorkshop-adrian!
Marko,Bevc,marko@scalefactory.com,admin/team_marko,marko,VaultWorkshop-marko!
Julio,Henrique,julio.henrique+hug@gmail.com,admin/team_julio,julio,VaultWorkshop-julio!
Jorg,van Doornmalen,jorg.vandoornmalen@ibm.com,admin/team_jorg,jorg,VaultWorkshop-jorg!
Raymon,Epping,raymon.epping@ibm.com,admin/team_raymon,raymon,VaultWorkshop-raymon!
Mahil,el Khatib,mahil@ibm.com,admin/team_mahil,mahil,VaultWorkshop-mahil!
Cojan,van Ballegooijen,cojan.vanballegooijen@ibm.com,admin/team_cojan,cojan,VaultWorkshop-cojan!
