﻿first_name;last_name;email;order.metadata.city;order.metadata.company;order_ticket.metadata.fullname;geolocation.locality;geolocation.admin_level_1;geolocation.admin_level_2;geolocation.country_code
Berto;klompenhouwer;Berto.klompenhouwer@outlook.com;Woudenberg;Arrow;Berto;Woudenberg;Utrecht;Woudenberg;NL
Ivica;Kolenkaš;ivica.kolenkas@gmail.com;Assendelft;BESTSELLER;;Assendelft;North Holland;Zaanstad;NL
Michal;Jankowski;michal.jankowski@datadogh.com;Rotterdam;Datadog;Michal Jankowski;Rotterdam;South Holland;Government of Rotterdam;NL
Bram;Vogelaar;bram@attachmentgenie.com;Oegstgeest;devoteam gcloud;;Oegstgeest;South Holland;Oegstgeest;NL
Rajesh;Gunasekaran;rajesh.gunasekaran@devoteam.com;Utrecht;Devoteam NL;Rajesh Gunasekaran;Utrecht;Utrecht;Utrecht;NL
Austin;Culter;austin.culter@faire.com;Amsterdam;Faire Wholesale;Austin Culter;Amsterdam;North Holland;Government of Amsterdam;NL
Ion;Ermurachi;ermurachi@gmail.com;Amsterdam;Hashicorp;Ion;Amsterdam;North Holland;Government of Amsterdam;NL
Dewi;Cabret;dewi.cabret@hcs-company.com;Beverwijk;HCS company;Dewi Cabret;Beverwijk;North Holland;Beverwijk;NL
Bastiaan;van der Bijl;bastiaan.van.der.bijl@hcs-company.com;Driehuis;HCS Company;Bastiaan van der Bijl;Driehuis;North Holland;Velsen;NL
Johan;van Amersfoort;johan@johan.ml;IJmuiden;HUG Amsterdam;;IJmuiden;North Holland;Velsen;NL
Sander;Böhm;sbohm@itq.eu;Heemskerk;ITQ;Sander Böhm;Heemskerk;North Holland;Heemskerk;NL
Kaj;Köhler;kkohler@itq.eu;Utrecht;ITQ;Kaj Köhler;Utrecht;Utrecht;Utrecht;NL
Michael;Meelis;mmeelis@itq.nl;Utrecht;ITQ;Michael Meelis;Utrecht;Utrecht;Utrecht;NL
Karl;Murauer;kmurauer@itq.eu;Beverwijk;ITQ;Karl Murauer;Beverwijk;North Holland;Beverwijk;NL
Martijn;van Tol;mvantol@itq.nl;Heemskerk;ITQ Consultancy;Martijn van Tol;Heemskerk;North Holland;Heemskerk;NL
Jeffrey;Vos;jeff.vos.dev@gmail.com;Amsterdam;KLM;Jeffrey Vos;Amsterdam;North Holland;Government of Amsterdam;NL
Caio;Delgado;caiodelgado.new@gmail.com;Amsterdam;Maverick Derivatives;Caio Cesar Nogueira Delgado;Amsterdam;North Holland;Government of Amsterdam;NL
Rodrigo;Reis;rodrigo.reis@maverickderivatives.com;Den haag;Maverick Derivatives;Rodrigo Reis;The Hague;South Holland;The Hague;NL
Anton;Akulov;anton.akulov@mmox.nl;S'gravenhage;MMOX B.V.;Anton Akulov;The Hague;South Holland;The Hague;NL
Ward;Vissers;wardvissers@gmail.com;Venray;Radboudumc;Ward Vissers;Venray;Limburg;Venray;NL
Matjah;Sonneveld;matjah.sonneveld@radboudumc.nl;Nijmegen;Radboudumc;Matjah Sonneveld;Nijmegen;Gelderland;Nijmegen;NL
Ahmed;Elgendy;gendy@redhat.com;Amsterdam;Red Hat;Ahmed Elgendy;Amsterdam;North Holland;Government of Amsterdam;NL
Ifrahim;Saiyid;ifrahim.saiyid@gmail.com;Utrecht;Sogeti;Ifrahim Saiyid;Utrecht;Utrecht;Utrecht;NL
Mitch;Hintzen;hintzenmitch@gmail.com;Susteren;Valid Managed Services;Mitch Hintzen;Susteren;Limburg;Echt-Susteren;NL
Duco;Jaspars;duco@vConsult.nl;Harmelen;vConsult;Duco Jaspars;Harmelen;Utrecht;Woerden;NL
Arash;Haghighat;arash@a12t.co;Rotterdam;Xebia;Arash Haghighat;Rotterdam;South Holland;Government of Rotterdam;NL
Alessandro;Vozza;alessandro.vozza@linux.com;Amsterdam;;Alessandro Vozza;Amsterdam;North Holland;Government of Amsterdam;NL
Renato;Batista;zenatuz@gmail.com;Amsterdam;;Renato Batista;Amsterdam;North Holland;Government of Amsterdam;NL
Gopal;Ramachandran;mail@goposky.com;Amsterdam;;Gopal Ramachandran;Amsterdam;North Holland;Government of Amsterdam;NL
Gusztav;Varga;mail@gusztavvargadr.me;Amsterdam;;Gusztav Varga;Amsterdam;North Holland;Government of Amsterdam;NL
Fernanda;M.;fernanda.machado.contato@gmail.com;Amsterdam;;Fernanda M.;Amsterdam;North Holland;Government of Amsterdam;NL
Ana;Cozma;ana.zirbo@gmail.com;Amsterdam;;Ana Cozma;Amsterdam;North Holland;Government of Amsterdam;NL
Isadora;Menezes;isadoranezes@gmail.com;Leiden;;Isadora Menezes;Leiden;South Holland;Leiden;NL
Guilherme;Maciel;ghm.guilherme@gmail.com;Haarlem;;Guilherme Maciel;Haarlem;North Holland;Haarlem;NL
Mark;Brookfield;info@mdb.eu.com;Henley-on-Thames;;Mark Brookfield;Henley-on-Thames;England;Oxfordshire;GB
Michael;Poore;michael@poore.co.uk;Honeybourne;;Michael Poore;Evesham;England;Worcestershire;GB
Ricardo;da Silva;ricardolopes.jazz@gmail.com;Veldhoven;ASML;Veldhoven;North Brabant;Veldhoven;NL
Thomas;Grahn;Grahn.thomas@gmail.com;Amsterdam;Atlassian;Amsterdam;North Holland;Government of Amsterdam;NL
Fernando;Coelho;Fernando.coelho@axxius.nl;Amersfoort;Axxius;Amersfoort;Utrecht;Amersfoort;NL
Zelalem;Demissie;zelalem05@gmail.com;Amsterdam;Bestseller;Amsterdam;North Holland;Government of Amsterdam;NL
Seraphina;Sudiarto;sa.sudiarto@bryxx.eu;Roosendaal;Bryxx NV;Roosendaal;North Brabant;Roosendaal;NL
Sam;McGeown;sam.mcgeown@ibm.com;London;HashiCorp;London;England;Greater London;GB
Menno;Sanders;menno_sanders@hotmail.com;Limmen;ITQ;Limmen;North Holland;Castricum;NL
Feeroz;Khan;feeroz.khan@sogeti.com;Utrecht;sogeti;Utrecht;Utrecht;Utrecht;NL
Nitesh;Kumar;nitesh.kumar@ing.com;Amsterdam;Wholesale Banking;Amsterdam;North Holland;Government of Amsterdam;NL
Carlos;Eduardo Goncalves;carlos.goncalves@redbelt.com.br;Sao Paulo;;São Paulo;State of São Paulo;São Paulo;BR
Mostafa;Zare;mostafazare@gmail.com;Wassenaar;;Wassenaar;South Holland;Wassenaar;NL
Jelle;de Fockert;jelle.defockert@assistyou.ai;Rotterdam;;Rotterdam;South Holland;Government of Rotterdam;NL
Adrian;Petre;petreadrian25@gmail.com;Bucharest;;Bucharest;Bucharest;Bucharest;RO
Marko;Bevc;marko@scalefactory.com;Edinburg;;Edinburgh;Scotland;Edinburgh;GB
Julio;Henrique;julio.henrique+hug@gmail.com;Dublin;;Dublin;County Dublin;;IE
Jorg;van Doornmalen;jorg.vandoornmalen@ibm.com;Schijndel;HashiCorp;Schijndel;North Brabant;Meierijstad;NL
Raymon;Epping;raymon.epping@ibm.com;Bodegraven;HashiCorp an IBM company;;Bodegraven;South Holland;Bodegraven-Reeuwijk;NL
Mahil;el Khatib;mahil@ibm.com;Veenendaal;HashiCorp;;Veenendaal;Utrecht;Veenendaal;NL
Cojan;van Ballegooijen;cojan.vanballegooijen@ibm.com;Utrecht;HashiCorp;;Utrecht;Utrecht;Utrecht;NL