{"tokens":[
  {
  "first_name": "Berto",
  "last_name": "klompenhouwer",
  "email": "Berto.klompenhouwer@outlook.com",
  "namespace": "admin/team_berto",
  "namespace_suffix": "berto",
  "username": "berto",
  "wrapped_token": "hvs.CAESILjtSIRGUBfci1i8uL8ArHXCK8_XANSRWtM3Re4v0isEGigKImh2cy5icDl4emUwQjhiV2E4SFJ1eDEyWWZSVkwuSUI1eXEQt7MT"
}
  ,{
  "first_name": "Ivica",
  "last_name": "Kolenkaš",
  "email": "ivica.kolenkas@gmail.com",
  "namespace": "admin/team_ivica",
  "namespace_suffix": "ivica",
  "username": "ivica",
  "wrapped_token": "hvs.CAESILu6zc3PUxqvUVc_8FS8QwAZAagVB4ll5o2VHxvGRkuRGigKImh2cy5OWXRkYkhHYjFoZEt6YjR4eGFqSnM0a1IuWGN2N1gQvLMT"
}
  ,{
  "first_name": "Michal",
  "last_name": "Jankowski",
  "email": "michal.jankowski@datadogh.com",
  "namespace": "admin/team_michal",
  "namespace_suffix": "michal",
  "username": "michal",
  "wrapped_token": "hvs.CAESIBwuF_VyPCSOAelqhjir5VnVkh_LAlhPIFlaQLomyhjlGigKImh2cy55ck40a2JBaUJYVlhuZFJ4bFB0R082eVMuS0llYVUQwbMT"
}
  ,{
  "first_name": "Bram",
  "last_name": "Vogelaar",
  "email": "bram@attachmentgenie.com",
  "namespace": "admin/team_bram",
  "namespace_suffix": "bram",
  "username": "bram",
  "wrapped_token": "hvs.CAESIBPDmZmWnNBrPLDDN1gwFMN3C9byTVY7IhNkvKSSN-nYGigKImh2cy51ZUp0cE1tTXhpWDcxNlpQVlFId1EyMmcuUDMyaVgQxrMT"
}
  ,{
  "first_name": "Rajesh",
  "last_name": "Gunasekaran",
  "email": "rajesh.gunasekaran@devoteam.com",
  "namespace": "admin/team_rajesh",
  "namespace_suffix": "rajesh",
  "username": "rajesh",
  "wrapped_token": "hvs.CAESIEqRO-gHHWJXQBNI6Vf5Cxp_H1DKmDGTo6m7KTvq3zL9GigKImh2cy5LM21vcU9SRkN1dlZCN0RWQ1NvcG9LTGoubTZRTW0QzLMT"
}
  ,{
  "first_name": "Austin",
  "last_name": "Culter",
  "email": "austin.culter@faire.com",
  "namespace": "admin/team_austin",
  "namespace_suffix": "austin",
  "username": "austin",
  "wrapped_token": "hvs.CAESIJSIZrg4dyVneoQfeGg4o7mEBK06ZtmGo7hkzzLiLE2PGigKImh2cy42VjVqT3Z4QmNZc2JBMW9JTTRtNVVHYTkucFRnWlcQ0bMT"
}
  ,{
  "first_name": "Ion",
  "last_name": "Ermurachi",
  "email": "ermurachi@gmail.com",
  "namespace": "admin/team_ion",
  "namespace_suffix": "ion",
  "username": "ion",
  "wrapped_token": "hvs.CAESIAgJXW60H6EvJw2SGZuJPhcWNNRFUUCVgwut0QQNw7QtGigKImh2cy5mMTVQVDB6RGhBTXhkd3JNM1FQVmxxcjIucVUwdUoQ1rMT"
}
  ,{
  "first_name": "Dewi",
  "last_name": "Cabret",
  "email": "dewi.cabret@hcs-company.com",
  "namespace": "admin/team_dewi",
  "namespace_suffix": "dewi",
  "username": "dewi",
  "wrapped_token": "hvs.CAESIJVDaNfm5tejKCisnS4RAbrLyojYRX1B9SsT9tI8VBDhGigKImh2cy54ek9RRklpWU9pYlpHb2pTZlpQWk1ocXcuenBqWE8Q27MT"
}
  ,{
  "first_name": "Bastiaan",
  "last_name": "van der Bijl",
  "email": "bastiaan.van.der.bijl@hcs-company.com",
  "namespace": "admin/team_bastiaan",
  "namespace_suffix": "bastiaan",
  "username": "bastiaan",
  "wrapped_token": "hvs.CAESINDDnulNWDzFxAkpF3AnR0T5y1tip_MnLsoBiB6oMQMNGigKImh2cy5mOWFkQm0xYm5nMjAyVWxGSm81NFBqNXkuYXQ3QzUQ4bMT"
}
  ,{
  "first_name": "Johan",
  "last_name": "van Amersfoort",
  "email": "johan@johan.ml",
  "namespace": "admin/team_johan",
  "namespace_suffix": "johan",
  "username": "johan",
  "wrapped_token": "hvs.CAESIKd5PF4Js9FZCxSkRVpE9oz68iDoBu-eLqyvRBZoH1hYGigKImh2cy5CZDV3WWJobHo4UDZBQzJ2dzk1RWVWYkQuM0x3Z00Q5rMT"
}
  ,{
  "first_name": "Sander",
  "last_name": "Böhm",
  "email": "sbohm@itq.eu",
  "namespace": "admin/team_sander",
  "namespace_suffix": "sander",
  "username": "sander",
  "wrapped_token": "hvs.CAESICabvzA7Gx_y-BRr_BSL2j4OkCukb4tb_19mf-fukzGhGigKImh2cy5xRWR2QVhpZGo2ZEoxVENuNHBTaEZ6eWMuV3hTTksQ67MT"
}
  ,{
  "first_name": "Kaj",
  "last_name": "Köhler",
  "email": "kkohler@itq.eu",
  "namespace": "admin/team_kaj",
  "namespace_suffix": "kaj",
  "username": "kaj",
  "wrapped_token": "hvs.CAESIM1xLaRA3jfltDXlmYNaKsYEao3g-vU-sV1CE6B0oBMMGigKImh2cy5RYjRNVmdlWnVuYkt6SVdqeTNTMmFwYzYuTEpRcmgQ8LMT"
}
  ,{
  "first_name": "Michael",
  "last_name": "Meelis",
  "email": "mmeelis@itq.nl",
  "namespace": "admin/team_michael-m",
  "namespace_suffix": "michael-m",
  "username": "michael",
  "wrapped_token": "hvs.CAESILxfGOx7d7WIhbMdU_JBllClofBsBob8eFsrVJqW0xPJGigKImh2cy55Z0NWOUI5dzFYb0lMZHVwaE9mSVNpcmouRlBNdTUQ9rMT"
}
  ,{
  "first_name": "Karl",
  "last_name": "Murauer",
  "email": "kmurauer@itq.eu",
  "namespace": "admin/team_karl",
  "namespace_suffix": "karl",
  "username": "karl",
  "wrapped_token": "hvs.CAESIKuGoxdV42PcaEc0yBm4bnQIzJumS9RLnND6LtS_AuvSGigKImh2cy55d2xpVDg0cFRoVnhaSWgycGJDdEc5MXguM2g2dkIQ-7MT"
}
  ,{
  "first_name": "Martijn",
  "last_name": "van Tol",
  "email": "mvantol@itq.nl",
  "namespace": "admin/team_martijn",
  "namespace_suffix": "martijn",
  "username": "martijn",
  "wrapped_token": "hvs.CAESIGRcR30qBQUdBjJmI3kkAlq4hMXi0UmG7CHHgsMV6Qw_GigKImh2cy42V1RkdU9CY3h3N3pQREdHR0NISzJuQ3AuV2dZYnkQgLQT"
}
  ,{
  "first_name": "Jeffrey",
  "last_name": "Vos",
  "email": "jeff.vos.dev@gmail.com",
  "namespace": "admin/team_jeffrey",
  "namespace_suffix": "jeffrey",
  "username": "jeffrey",
  "wrapped_token": "hvs.CAESINr7-QZ2u0Bm5zkSeuXBWWY-BrKCVEosDf05kVLrhCdiGigKImh2cy5BYzd0OFpXc0ZhVG9Ha0lySjB6UVhMTlYuRWwxa2IQhbQT"
}
  ,{
  "first_name": "Caio",
  "last_name": "Delgado",
  "email": "caiodelgado.new@gmail.com",
  "namespace": "admin/team_caio",
  "namespace_suffix": "caio",
  "username": "caio",
  "wrapped_token": "hvs.CAESIDpWL9lRGzb6wE3G9NY9Z292W00_ka2YG9YbK8BuxkEZGigKImh2cy5HY0g2cTVhUWxOc0ZSYzBNYjF2Zk5vNzAuOVBLSUoQi7QT"
}
  ,{
  "first_name": "Rodrigo",
  "last_name": "Reis",
  "email": "rodrigo.reis@maverickderivatives.com",
  "namespace": "admin/team_rodrigo",
  "namespace_suffix": "rodrigo",
  "username": "rodrigo",
  "wrapped_token": "hvs.CAESIENREEBKw0feK1vulftKlvLvx6zm70AY9qTLDJbWMyjEGigKImh2cy5hOUdzZTRySXRhZDlvV1AzUjQ0T2dWMVcuRG1QWU0QkLQT"
}
  ,{
  "first_name": "Anton",
  "last_name": "Akulov",
  "email": "anton.akulov@mmox.nl",
  "namespace": "admin/team_anton",
  "namespace_suffix": "anton",
  "username": "anton",
  "wrapped_token": "hvs.CAESIEswsFlAfc7HG-e7yGEW1dfcbIiVPY5lFKIfenl9uAHeGigKImh2cy5UdjFJdWtaNGRTMEpHZGkzMXhKNXN1QjUuWjVHQmYQlbQT"
}
  ,{
  "first_name": "Ward",
  "last_name": "Vissers",
  "email": "wardvissers@gmail.com",
  "namespace": "admin/team_ward",
  "namespace_suffix": "ward",
  "username": "ward",
  "wrapped_token": "hvs.CAESIGOpDhfnKqQQ4e7Cqw9RNEEm2BwfCT_9vq3ggwU7meMDGigKImh2cy5KVUpoaXRqa2NFNFExTTRsamhLRnhhcGouYjFhcGMQmrQT"
}
  ,{
  "first_name": "Matjah",
  "last_name": "Sonneveld",
  "email": "matjah.sonneveld@radboudumc.nl",
  "namespace": "admin/team_matjah",
  "namespace_suffix": "matjah",
  "username": "matjah",
  "wrapped_token": "hvs.CAESIFx8_vz-JCKAw7ZLKGA78xTU4H3o_WPvBg8r50e2j7R-GigKImh2cy42STRNdnVOOFJ1c0k4akZGZkRKaEhZVGwuV01KRE0QoLQT"
}
  ,{
  "first_name": "Ahmed",
  "last_name": "Elgendy",
  "email": "gendy@redhat.com",
  "namespace": "admin/team_ahmed",
  "namespace_suffix": "ahmed",
  "username": "ahmed",
  "wrapped_token": "hvs.CAESIFXdjcS9Tce9WrqlcWJsPymYz7Q31-L5UTc6AcNJcNd8GigKImh2cy5QYjRMWExyaW5mNU1tcGFScVdKNFd5anguZ0JtOGMQpbQT"
}
  ,{
  "first_name": "Ifrahim",
  "last_name": "Saiyid",
  "email": "ifrahim.saiyid@gmail.com",
  "namespace": "admin/team_ifrahim",
  "namespace_suffix": "ifrahim",
  "username": "ifrahim",
  "wrapped_token": "hvs.CAESIDZF8QyWgUNe3kEmdYWrvSE3TN9IrysFgFx-UUHDzAi6GigKImh2cy41elFmOXFJTXE4NXdqSnhTOGZDSG9qamkubk1oOEUQqrQT"
}
  ,{
  "first_name": "Mitch",
  "last_name": "Hintzen",
  "email": "hintzenmitch@gmail.com",
  "namespace": "admin/team_mitch",
  "namespace_suffix": "mitch",
  "username": "mitch",
  "wrapped_token": "hvs.CAESIHbaKf4lWh7z4mZU-wlOw_1YDR0duCNmGTpM1XFAIQMLGigKImh2cy5KRnFrWXVjQklKanZUQlIyV1FWVzVCemkuTWh3TGUQr7QT"
}
  ,{
  "first_name": "Duco",
  "last_name": "Jaspars",
  "email": "duco@vConsult.nl",
  "namespace": "admin/team_duco",
  "namespace_suffix": "duco",
  "username": "duco",
  "wrapped_token": "hvs.CAESICff-GWWfVlZqdmUa-DXXB6_cgStv_u_KozBTuf1y6luGigKImh2cy5HbVdvQTllbEcwMEtsT2xlNWdPVEZNMTIucnBCVTEQtbQT"
}
  ,{
  "first_name": "Arash",
  "last_name": "Haghighat",
  "email": "arash@a12t.co",
  "namespace": "admin/team_arash",
  "namespace_suffix": "arash",
  "username": "arash",
  "wrapped_token": "hvs.CAESID2Ujv4gc6dvIIMyxksb4ZLU7S0Vj41MLC8beQC07anVGigKImh2cy5kWGxsMEJwSnlQSFlGb2hwUDdLcUFtUUguSlZZbEkQurQT"
}
  ,{
  "first_name": "Alessandro",
  "last_name": "Vozza",
  "email": "alessandro.vozza@linux.com",
  "namespace": "admin/team_alessandro",
  "namespace_suffix": "alessandro",
  "username": "alessandro",
  "wrapped_token": "hvs.CAESIOXBSXIxA69oH7iFZcO1jHp4QoNMsMrLSZsfrMoC-smPGigKImh2cy5sd0Rqdm8zZnVjVkRQQTBQQ291VHhRbFMuNlVKMUYQv7QT"
}
  ,{
  "first_name": "Renato",
  "last_name": "Batista",
  "email": "zenatuz@gmail.com",
  "namespace": "admin/team_renato",
  "namespace_suffix": "renato",
  "username": "renato",
  "wrapped_token": "hvs.CAESIPFfKqcmwNcryQok8xfO-Ydp2qg7vj_PVp7RN6nCUqvUGigKImh2cy5tQVc0WjFqMDBwUGdYcGV6V0Jyd0JpeUwuODY5OUgQxLQT"
}
  ,{
  "first_name": "Gopal",
  "last_name": "Ramachandran",
  "email": "mail@goposky.com",
  "namespace": "admin/team_gopal",
  "namespace_suffix": "gopal",
  "username": "gopal",
  "wrapped_token": "hvs.CAESIAgW9aywqnsjNSnj_RuqVGgHFBZWmRG9JYj7G36lfcVbGigKImh2cy5kMDFmc2kzcTVuTlB5WGVHREpWQTJmdWkuYkkxZ2UQybQT"
}
  ,{
  "first_name": "Gusztav",
  "last_name": "Varga",
  "email": "mail@gusztavvargadr.me",
  "namespace": "admin/team_gusztav",
  "namespace_suffix": "gusztav",
  "username": "gusztav",
  "wrapped_token": "hvs.CAESIOEFijdlAyVmnINZuCnbhDRpPY_3E1QCxHmPhuUtkwaqGigKImh2cy5uY0pLbE5FN1FZdjB6aHVEYVR2YTBqRDMuNExSMWYQz7QT"
}
  ,{
  "first_name": "Fernanda",
  "last_name": "M.",
  "email": "fernanda.machado.contato@gmail.com",
  "namespace": "admin/team_fernanda",
  "namespace_suffix": "fernanda",
  "username": "fernanda",
  "wrapped_token": "hvs.CAESIDlGwhIAi4l2cQ3-DPI9g9s0DwJv07qOYPHn_uWYTPKfGigKImh2cy5HYjF2Z21rdW5Ya2xSWHFNenBRYzVlZHIuOUlzaU8Q1LQT"
}
  ,{
  "first_name": "Ana",
  "last_name": "Cozma",
  "email": "ana.zirbo@gmail.com",
  "namespace": "admin/team_ana",
  "namespace_suffix": "ana",
  "username": "ana",
  "wrapped_token": "hvs.CAESIPi0KrvIcy6YDASHpYnGUEXtPbHT1HuL-X7hbSHt80RsGigKImh2cy5yTDVNY1BDdVA4N2s3WnU0WDBuVGxrRjkudXBzaXkQ2bQT"
}
  ,{
  "first_name": "Isadora",
  "last_name": "Menezes",
  "email": "isadoranezes@gmail.com",
  "namespace": "admin/team_isadora",
  "namespace_suffix": "isadora",
  "username": "isadora",
  "wrapped_token": "hvs.CAESILphmA9LASxnlxP_F9QyrA_-2N9oCDe-SGug7fVxRbOfGigKImh2cy5GRWRaREVhcVlqQ2t6V01DQ2MxM1Nxc2UuS0tOOUMQ3rQT"
}
  ,{
  "first_name": "Guilherme",
  "last_name": "Maciel",
  "email": "ghm.guilherme@gmail.com",
  "namespace": "admin/team_guilherme",
  "namespace_suffix": "guilherme",
  "username": "guilherme",
  "wrapped_token": "hvs.CAESIMHq5h3JEe-7kjwNRGktavns6NZC1TiRJq3sEbXKb353GigKImh2cy5zQmJYMkhTMUZoVjdZM1Jhbm1ZWEtaN04uVXlNdkQQ5LQT"
}
  ,{
  "first_name": "Mark",
  "last_name": "Brookfield",
  "email": "info@mdb.eu.com",
  "namespace": "admin/team_mark",
  "namespace_suffix": "mark",
  "username": "mark",
  "wrapped_token": "hvs.CAESICln551_1LIYR_gmgx70IrK_wz3SpHltwLUs-5qLf7E3GigKImh2cy5tTmI4SWowNm9veDRHODNTVUVmOU5maVEudjI2aVMQ6bQT"
}
  ,{
  "first_name": "Michael",
  "last_name": "Poore",
  "email": "michael@poore.co.uk",
  "namespace": "admin/team_michael-p",
  "namespace_suffix": "michael-p",
  "username": "michael",
  "wrapped_token": "hvs.CAESIOeNXWwCD-DYSkdlNuXOPj8ZXRClOWxJtZDPUYiHZlFYGigKImh2cy5nbnhIenpybURKOVhvTkQyUEgyMU5yY0UueDlVbzkQ7rQT"
}
  ,{
  "first_name": "Ricardo",
  "last_name": "da Silva",
  "email": "ricardolopes.jazz@gmail.com",
  "namespace": "admin/team_ricardo",
  "namespace_suffix": "ricardo",
  "username": "ricardo",
  "wrapped_token": "hvs.CAESIAIu7HReWl5JUzFY__I762hL5Tq1ek7_mn3Y5ihZbWDNGigKImh2cy44QnY4Sk1nbVAyU1BxemRLdmltc1hQc0suWHROMmIQ87QT"
}
  ,{
  "first_name": "Thomas",
  "last_name": "Grahn",
  "email": "Grahn.thomas@gmail.com",
  "namespace": "admin/team_thomas",
  "namespace_suffix": "thomas",
  "username": "thomas",
  "wrapped_token": "hvs.CAESIPoaTQYMh5e_Ut243LIJ722dpaTT94EF0e-dCnZRnfiMGigKImh2cy5ndVZ5bFJ1OHN0cU1nUnpVQVZGMDlUTFcudUU3dngQ-bQT"
}
  ,{
  "first_name": "Fernando",
  "last_name": "Coelho",
  "email": "Fernando.coelho@axxius.nl",
  "namespace": "admin/team_fernando",
  "namespace_suffix": "fernando",
  "username": "fernando",
  "wrapped_token": "hvs.CAESILZwz1S7NYwunYDc3R25nC6ePfIglGyggJADfDFFJbf2GigKImh2cy5RU1ROSGpmR1FDVnp3RE5MRngxUlJkV0cuSDlqSTQQ_rQT"
}
  ,{
  "first_name": "Zelalem",
  "last_name": "Demissie",
  "email": "zelalem05@gmail.com",
  "namespace": "admin/team_zelalem",
  "namespace_suffix": "zelalem",
  "username": "zelalem",
  "wrapped_token": "hvs.CAESIEfY2xz-D1JgXQYcAlvjZYSFObnvVtGqqyMnVm1yLTZIGigKImh2cy5WTXhxQlRiYTA2TnE1d3I4bXFtN2s0cVUuM0xxeWcQg7UT"
}
  ,{
  "first_name": "Seraphina",
  "last_name": "Sudiarto",
  "email": "sa.sudiarto@bryxx.eu",
  "namespace": "admin/team_seraphina",
  "namespace_suffix": "seraphina",
  "username": "seraphina",
  "wrapped_token": "hvs.CAESIEB2oI1OBkmUVe3LObNgflIqQodjgXxd0KLO0SNHGMKCGigKImh2cy5RUFBXUkVlQ08xYm84eDg2ejlDMWdKS2gub2U0VHMQiLUT"
}
  ,{
  "first_name": "Sam",
  "last_name": "McGeown",
  "email": "sam.mcgeown@ibm.com",
  "namespace": "admin/team_sam",
  "namespace_suffix": "sam",
  "username": "sam",
  "wrapped_token": "hvs.CAESILUK8umHv-RoYFR1wDCnVe8C1QlceSgaCEFTN976d2NpGigKImh2cy5yNkNKYVZSeWtkT3U5T0dWYmtPM3pyNTUuWWNQalcQjrUT"
}
  ,{
  "first_name": "Menno",
  "last_name": "Sanders",
  "email": "menno_sanders@hotmail.com",
  "namespace": "admin/team_menno",
  "namespace_suffix": "menno",
  "username": "menno",
  "wrapped_token": "hvs.CAESIBXsAbgsDnNi9VUHYBYMiPbHXHN3-uAhrEet1d0CGjgXGigKImh2cy5RUDFpY3BjT0ZRdE5SMHVkd3FqYnF6RXcuMkN5MzgQk7UT"
}
  ,{
  "first_name": "Feeroz",
  "last_name": "Khan",
  "email": "feeroz.khan@sogeti.com",
  "namespace": "admin/team_feeroz",
  "namespace_suffix": "feeroz",
  "username": "feeroz",
  "wrapped_token": "hvs.CAESIP_NeXPRWNUy56lfphpZFqexVx1SXAhb5T8asYGAKbqdGigKImh2cy54YzlhZzNUZlRUQW9vcDl5V0N6MVRRSGsuQkRtQ1QQmLUT"
}
  ,{
  "first_name": "Nitesh",
  "last_name": "Kumar",
  "email": "nitesh.kumar@ing.com",
  "namespace": "admin/team_nitesh",
  "namespace_suffix": "nitesh",
  "username": "nitesh",
  "wrapped_token": "hvs.CAESIG4TXgQkF_rUHecqry2tEwM4n6qCLpvutdTdVoZaRc9jGigKImh2cy53enNnTWxBdWt3b3IwbFk1WEtTc0NZakguVlc0ajYQnbUT"
}
  ,{
  "first_name": "Carlos",
  "last_name": "Eduardo Goncalves",
  "email": "carlos.goncalves@redbelt.com.br",
  "namespace": "admin/team_carlos",
  "namespace_suffix": "carlos",
  "username": "carlos",
  "wrapped_token": "hvs.CAESIOzW12l3xfTxaeDZI0QZoYcw60p3bLI6DyYcU5dEss0VGigKImh2cy5ZcjRHNTU4S2RaekhWRmlIWWJWTUdZR1QuMVd5OEsQo7UT"
}
  ,{
  "first_name": "Mostafa",
  "last_name": "Zare",
  "email": "mostafazare@gmail.com",
  "namespace": "admin/team_mostafa",
  "namespace_suffix": "mostafa",
  "username": "mostafa",
  "wrapped_token": "hvs.CAESIAu6EFrkeWQM-kTms2gqWwLHN-3x08-XW3K3lTe_2IRQGigKImh2cy5Ia1A4WTNpNVZjM2FRdmlYT3FFWElOU3guSFdiRm8QqLUT"
}
  ,{
  "first_name": "Jelle",
  "last_name": "de Fockert",
  "email": "jelle.defockert@assistyou.ai",
  "namespace": "admin/team_jelle",
  "namespace_suffix": "jelle",
  "username": "jelle",
  "wrapped_token": "hvs.CAESIOnIR76lmn9Bt6kuksLbz8mcE-tYy31-otTlmFtYWqKgGigKImh2cy5nVDdTdXp6cE5RTTdMTVNJYUtmSXhQbTcuRFJZQmgQrbUT"
}
  ,{
  "first_name": "Adrian",
  "last_name": "Petre",
  "email": "petreadrian25@gmail.com",
  "namespace": "admin/team_adrian",
  "namespace_suffix": "adrian",
  "username": "adrian",
  "wrapped_token": "hvs.CAESIIMaDf0Juq4ESwmLlJZHv1kSWT8cRcd4G6WNM92KN6QsGigKImh2cy5vZTJMNWRNU2xPd2pxeDAweFFFWmlIUXcuOHdRVVQQsrUT"
}
  ,{
  "first_name": "Marko",
  "last_name": "Bevc",
  "email": "marko@scalefactory.com",
  "namespace": "admin/team_marko",
  "namespace_suffix": "marko",
  "username": "marko",
  "wrapped_token": "hvs.CAESIB1kVOkwnfBkTcHIogATZnMVzKlNNv1eC7SDYaDlLhPhGigKImh2cy5Ed2FtT1Q2ZVRWVmN4YXRhdjJDVGZNcTUuZ3IwQVQQuLUT"
}
  ,{
  "first_name": "Julio",
  "last_name": "Henrique",
  "email": "julio.henrique+hug@gmail.com",
  "namespace": "admin/team_julio",
  "namespace_suffix": "julio",
  "username": "julio",
  "wrapped_token": "hvs.CAESIN6p0y7na6e_Lu2xeFKGCx1AgXWPWX6Y3fWuRswr9D72GigKImh2cy5FQTJPQzdEWERQcWNuZ0w0dHV6N0xOcmwudWhITkgQvbUT"
}
  ,{
  "first_name": "Jorg",
  "last_name": "van Doornmalen",
  "email": "jorg.vandoornmalen@ibm.com",
  "namespace": "admin/team_jorg",
  "namespace_suffix": "jorg",
  "username": "jorg",
  "wrapped_token": "hvs.CAESIMSbaQWvVr70HR8ES0orftakoetWupl_3kTJ8dBFsxuGGigKImh2cy5aQ3paN1AzcU1wb05wS2JUREpCa2dQaGEuZm9GbDEQwrUT"
}
  ,{
  "first_name": "Raymon",
  "last_name": "Epping",
  "email": "raymon.epping@ibm.com",
  "namespace": "admin/team_raymon",
  "namespace_suffix": "raymon",
  "username": "raymon",
  "wrapped_token": "hvs.CAESIFSW0oB0NpKQKFpJHahiZJ6rLvTMfuM1CB8GpxGE-SWgGigKImh2cy5WMUNUUjZnanJKQzNZVUluZHlWS2FRUDMuc3RFZkoQx7UT"
}
  ,{
  "first_name": "Mahil",
  "last_name": "el Khatib",
  "email": "mahil@ibm.com",
  "namespace": "admin/team_mahil",
  "namespace_suffix": "mahil",
  "username": "mahil",
  "wrapped_token": "hvs.CAESINdqa5frPwu1U3DD_xaSlt16iqvWgSXJ23o5hArUqPD2GigKImh2cy41NnN0NWxXZ011TENtMUhvdG1jRmxMVzAuRWdwUlYQzbUT"
}
  ,{
  "first_name": "Cojan",
  "last_name": "van Ballegooijen",
  "email": "cojan.vanballegooijen@ibm.com",
  "namespace": "admin/team_cojan",
  "namespace_suffix": "cojan",
  "username": "cojan",
  "wrapped_token": "hvs.CAESIKJOdb8xIyCi0N5UKhpf7nK7ZWWfrxER3cKJ8q6gScVUGigKImh2cy55cHZWNThXaDNqUWhUVm9FdnRtazgxbjMuRkRIZnQQ0rUT"
}
]}
