{
  "attendees": {
    "raymon-epping-at-ibm-com": {
      "email": "raymon.epping@ibm.com",
      "first_name": "Raymon",
      "last_name": "Epping",
      "company": "HashiCorp an IBM company",
      "namespace_suffix": "raymon"
    },
    "mahil-at-ibm-com": {
      "email": "mahil@ibm.com",
      "first_name": "Mahil",
      "last_name": "el Khatib",
      "company": "HashiCorp",
      "namespace_suffix": "mahil"
    },
    "cojan-vanballegooijen-at-ibm-com": {
      "email": "cojan.vanballegooijen@ibm.com",
      "first_name": "Cojan",
      "last_name": "van Ballegooijen",
      "company": "HashiCorp",
      "namespace_suffix": "cojan"
    }
  }
}
